{"reward": 3.579566155829077, "parameters": [-7.9440714890165065, 29.61704858125937, -32.9215146684862, 11.51952335896102]}